SourceIP,DestinationIP,Protocol,Port,Bytes,Packets,Duration
14.164.169.120,84.59.152.8,UDP,2535,1343,63,28
104.101.27.244,126.110.94.33,UDP,9413,3964,23,220
246.171.222.75,226.92.152.36,UDP,62958,9961,17,259
215.34.59.46,144.0.135.169,UDP,50299,8152,29,32
220.238.43.173,0.186.53.160,TCP,41917,4490,64,236
128.135.48.53,1.236.10.189,TCP,44779,7323,5,30
235.92.55.21,235.179.118.85,TCP,29549,7074,99,92
239.64.6.171,213.235.88.44,UDP,30476,919,89,26
8.137.207.238,120.56.104.186,UDP,36391,8196,25,206
70.171.118.69,8.125.55.154,UDP,9095,8874,47,62
158.191.6.235,63.196.41.247,TCP,10744,9383,90,145
93.212.73.45,175.79.191.154,TCP,38020,5700,82,141
204.42.200.168,56.85.4.17,TCP,61114,4883,57,157
205.176.151.111,250.34.244.156,UDP,37635,9748,2,19
87.197.20.148,40.100.24.254,UDP,49769,3865,3,68
128.253.33.5,254.77.239.24,TCP,10505,407,87,94
158.86.77.135,54.62.46.157,UDP,60823,6500,57,94
186.40.41.252,33.48.193.67,UDP,37031,163,73,298
73.138.144.197,21.58.99.161,UDP,36386,3893,67,277
189.74.66.11,175.7.214.74,TCP,33060,4285,73,158
217.214.52.10,127.68.58.12,TCP,9165,1570,18,65
148.59.221.94,193.58.114.112,TCP,602,9907,50,55
88.243.26.78,159.136.19.52,UDP,14865,2579,5,48
239.40.103.12,223.204.21.34,TCP,31089,3090,18,282
245.225.94.213,58.215.238.181,UDP,53444,6362,51,110
4.156.147.156,231.229.94.248,TCP,52877,3892,5,231
186.71.165.45,177.2.194.153,UDP,15412,8373,69,128
236.221.113.25,113.46.61.171,TCP,57717,3572,23,39
235.130.253.230,100.229.178.161,TCP,7449,7403,6,148
112.244.212.142,246.57.226.221,TCP,33361,9917,75,55
77.137.43.90,7.142.131.132,UDP,30176,7507,80,214
98.193.128.143,2.40.204.230,TCP,59887,9661,70,84
10.95.94.233,106.47.242.94,UDP,51519,974,42,280
92.4.145.59,45.84.148.122,UDP,13751,5606,51,37
96.67.242.182,241.170.53.140,TCP,44750,6356,45,61
152.148.0.78,104.171.159.95,TCP,39161,4678,26,96
80.45.246.80,51.21.185.200,UDP,1723,8576,96,109
108.39.176.37,28.208.78.108,TCP,43245,8315,62,58
126.73.103.22,119.218.249.32,TCP,27477,8382,80,162
160.123.234.210,100.186.236.245,UDP,5561,2921,29,19
192.150.131.91,25.192.173.8,UDP,22221,7293,35,85
34.66.235.80,39.248.91.63,TCP,925,8414,62,274
114.195.198.39,115.35.44.172,UDP,39363,6176,23,224
95.218.32.38,195.101.47.215,TCP,1227,541,59,162
116.173.0.209,105.167.24.25,TCP,19691,3446,97,63
145.36.12.164,43.241.162.13,TCP,3173,6823,36,19
16.29.31.79,132.73.174.221,UDP,18477,711,88,31
114.166.186.82,23.190.87.194,UDP,32862,791,68,182
94.201.51.19,76.170.218.233,TCP,62626,327,90,45
193.178.19.2,69.116.95.193,UDP,50428,2040,48,240
215.208.151.118,23.63.104.114,UDP,48942,4049,57,181
214.223.162.247,154.10.248.40,UDP,2002,3552,72,69
191.141.82.86,64.104.94.218,TCP,58672,7707,41,74
8.167.48.249,197.182.56.212,TCP,49064,2587,86,253
124.160.180.151,203.34.243.69,TCP,20351,4792,77,227
139.153.54.124,83.78.92.246,UDP,49497,7232,86,237
66.53.130.52,33.93.175.36,TCP,65073,7330,63,20
236.217.170.16,104.59.185.116,TCP,65065,3156,83,264
226.201.154.33,200.103.96.54,UDP,22202,8892,80,185
174.154.213.8,198.87.152.239,UDP,53394,2725,54,38
253.243.226.135,89.137.124.152,UDP,36220,2794,64,260
128.249.52.95,188.48.161.89,TCP,38246,9592,85,210
1.156.11.82,59.144.7.82,UDP,26692,2399,72,261
166.234.253.172,145.233.255.203,UDP,54707,6077,97,90
211.42.45.206,47.233.68.203,UDP,63700,6226,20,81
241.68.81.146,115.157.184.69,TCP,20914,3365,69,106
135.142.26.247,152.12.218.53,UDP,24464,4479,98,80
17.193.197.188,88.154.41.226,TCP,53818,3017,46,72
254.228.234.182,48.154.237.251,UDP,46992,9977,40,95
248.245.203.16,28.118.113.206,UDP,28464,4881,43,102
6.96.202.193,35.226.58.127,TCP,51796,3930,80,188
55.66.129.195,106.78.91.137,UDP,14712,1091,53,106
33.86.206.79,102.155.152.190,TCP,5307,4900,82,254
132.10.7.196,15.3.214.47,TCP,60251,1371,41,59
125.65.255.59,156.181.233.174,UDP,24791,2271,99,221
74.220.105.123,19.72.218.191,TCP,14201,7391,21,287
248.67.111.238,110.164.182.212,TCP,46562,5096,63,18
70.137.128.79,81.248.110.110,UDP,18903,4339,27,179
196.176.189.159,130.62.178.0,TCP,55241,2860,80,66
158.0.253.48,93.218.174.24,UDP,19730,9185,53,31
223.17.118.209,104.202.201.70,TCP,16553,7648,66,281
81.122.253.122,227.253.120.133,UDP,25105,829,97,283
53.166.197.207,19.193.115.143,TCP,24534,493,87,212
89.14.242.23,154.218.233.249,UDP,45584,1381,77,192
81.27.168.71,226.109.195.220,UDP,18054,9195,30,117
45.100.113.210,55.0.203.81,UDP,25648,5701,48,54
123.67.211.93,132.182.64.167,TCP,32853,1692,11,107
209.213.177.54,187.167.11.187,UDP,31932,2197,93,233
92.82.97.35,50.1.77.153,TCP,28969,5379,100,227
201.201.7.207,102.139.172.224,TCP,52365,1013,73,246
50.109.202.250,79.190.131.40,TCP,22438,816,31,132
55.113.69.44,187.22.154.224,UDP,17667,4538,62,168
61.242.159.220,185.148.74.152,TCP,29133,9791,80,279
35.176.217.138,29.72.5.64,TCP,2310,5838,42,286
101.185.216.6,136.180.4.227,UDP,9902,5106,19,83
28.130.145.68,242.83.113.24,TCP,244,2593,59,169
230.229.180.123,9.26.107.217,UDP,12717,3165,16,158
61.113.196.119,8.22.163.87,UDP,60136,8931,24,123
138.231.129.152,210.146.191.196,UDP,32784,1538,70,92
236.43.82.220,60.177.72.244,TCP,29722,3410,63,92
24.255.87.228,61.210.62.255,TCP,16501,7949,35,171
80.94.158.32,10.182.22.227,UDP,42340,196,72,196
164.142.76.174,154.12.124.127,UDP,25096,1591,33,40
2.11.235.240,165.69.136.100,UDP,38388,5234,80,98
249.171.204.119,127.63.62.240,UDP,47439,3694,72,204
244.37.140.87,13.51.49.17,TCP,61485,1351,66,275
224.9.244.204,76.251.136.98,UDP,24986,8402,74,149
50.232.184.218,10.180.198.8,TCP,30375,9296,71,137
174.9.47.93,160.41.22.127,TCP,20791,4386,91,276
26.213.10.22,87.117.216.165,TCP,34706,2685,77,236
200.203.167.0,75.164.96.86,TCP,19944,5832,87,78
193.182.227.179,240.132.68.151,TCP,51055,6062,30,62
189.22.125.43,33.115.212.198,TCP,65445,2216,38,216
164.162.133.33,57.95.123.165,TCP,9970,3479,79,219
206.235.63.215,158.54.219.40,UDP,49944,1682,54,294
145.112.124.200,94.90.27.233,TCP,55048,848,77,157
34.96.101.85,122.0.176.51,TCP,20917,8179,5,286
102.220.45.77,216.12.88.251,UDP,8286,3726,26,160
53.1.240.130,231.196.127.199,TCP,2554,4404,48,44
102.230.31.45,215.115.161.104,UDP,60158,6016,49,288
6.26.51.67,71.15.26.32,TCP,26428,4858,92,194
97.186.109.225,222.255.25.227,UDP,42428,561,8,144
127.150.227.125,103.255.139.46,TCP,30830,1976,3,294
220.116.206.204,65.55.184.30,UDP,42936,5270,69,293
57.234.155.138,151.199.17.71,UDP,65286,1124,85,273
186.221.64.223,168.103.93.244,UDP,50446,2635,23,14
61.185.11.225,156.64.170.230,TCP,28053,2406,59,206
122.83.240.19,27.139.234.80,UDP,62062,5401,87,96
213.212.105.152,60.43.199.201,TCP,8247,2009,61,263
51.98.223.102,35.151.115.154,UDP,53586,8813,4,48
249.126.184.159,9.252.124.140,UDP,62030,3546,90,293
13.212.72.154,202.143.236.237,TCP,58411,1009,86,125
176.84.121.165,40.63.39.24,UDP,51252,7678,51,61
5.194.101.148,82.107.76.168,TCP,24554,1738,56,223
13.141.132.232,249.6.101.214,TCP,3064,3788,1,113
94.14.103.164,24.243.22.214,TCP,41602,3764,62,246
5.225.230.108,37.146.67.168,TCP,9600,5069,67,206
163.161.7.198,174.174.101.232,UDP,24929,7865,17,122
137.223.29.169,30.173.185.2,TCP,57859,9562,9,79
112.213.237.220,13.197.129.243,TCP,55823,5208,6,169
81.28.176.121,201.236.246.225,TCP,40165,700,51,207
180.110.83.108,82.112.18.11,UDP,35358,5850,37,258
163.194.157.180,34.254.249.86,UDP,45600,2279,69,32
19.181.28.225,44.244.23.198,TCP,47578,4348,30,111
49.185.252.107,2.67.71.207,TCP,7519,7823,29,231
155.30.243.110,134.103.160.222,UDP,40843,1195,84,97
117.235.170.90,101.155.2.198,UDP,47740,6737,87,65
67.207.253.223,229.54.44.85,UDP,33187,9054,50,273
48.60.117.254,49.39.74.20,TCP,36001,4722,13,188
89.156.44.82,239.160.64.237,TCP,48844,5546,31,71
165.136.179.40,128.106.89.141,UDP,32749,2502,96,266
50.59.60.253,221.240.252.107,UDP,37279,9307,52,262
60.108.177.203,234.107.251.154,TCP,333,9422,67,42
149.193.211.14,213.139.120.50,TCP,41125,9035,50,57
76.43.215.143,38.110.158.166,TCP,38157,2246,14,105
166.110.153.79,76.48.36.198,UDP,29733,811,71,253
105.55.250.94,136.191.141.103,TCP,27152,949,9,139
237.113.54.3,84.239.25.227,UDP,15328,5744,63,157
60.212.160.4,110.26.246.12,UDP,12722,9709,60,116
45.202.44.124,88.220.41.127,UDP,12061,3708,55,12
15.107.117.169,231.89.11.184,UDP,19347,2021,77,75
45.177.228.231,152.66.181.104,TCP,61965,6177,95,18
205.118.236.231,187.37.142.230,UDP,28936,2593,21,197
163.92.20.177,181.153.15.199,UDP,3537,8517,96,80
119.57.47.25,60.253.230.158,TCP,51508,3895,62,174
95.41.150.194,81.103.46.109,TCP,53521,4861,45,123
209.124.221.169,18.156.10.41,UDP,30146,9544,74,79
251.197.185.233,152.6.111.138,TCP,37997,3953,99,102
132.76.18.110,205.157.150.85,UDP,14357,9898,25,97
99.102.125.215,107.195.133.179,UDP,63098,4994,90,241
159.123.24.124,105.127.21.232,UDP,23870,9772,94,259
216.137.96.67,175.246.137.33,UDP,49407,980,7,300
6.218.139.197,113.166.157.198,UDP,43166,7516,55,10
42.151.105.170,226.96.63.129,TCP,27847,5830,29,220
46.199.70.14,144.211.77.192,TCP,25040,5291,96,143
38.13.122.182,160.27.84.143,UDP,11845,7430,81,291
105.110.222.27,136.21.70.76,UDP,37256,3382,79,110
111.240.191.72,64.103.94.135,TCP,32039,4150,13,182
195.216.222.10,153.237.237.192,UDP,33327,121,10,210
93.59.139.75,127.53.6.134,UDP,6532,2058,94,32
45.189.33.118,127.176.161.229,UDP,55551,3987,75,154
18.124.100.17,92.138.195.206,TCP,2868,432,85,215
35.100.125.180,166.212.0.46,TCP,37059,5611,53,162
30.201.12.75,70.42.172.147,TCP,29060,125,77,275
144.71.94.120,129.242.78.206,UDP,10444,1990,34,197
38.159.170.38,115.212.174.192,UDP,29261,8451,9,150
86.164.180.50,230.128.244.1,UDP,37308,6242,40,58
24.52.82.76,248.245.206.186,TCP,23991,7539,53,256
93.17.165.41,23.131.208.110,UDP,10925,3269,65,44
182.55.83.253,197.196.144.31,UDP,44046,2524,64,143
2.11.150.101,117.99.253.199,UDP,37011,1166,13,164
177.234.241.137,40.71.24.118,TCP,21340,1987,58,239
239.147.126.36,131.83.204.202,UDP,31158,7296,35,17
102.248.191.125,139.102.83.197,UDP,48252,6604,82,261
123.183.232.64,67.89.244.0,UDP,49921,841,38,268
42.176.41.42,52.85.86.119,UDP,60022,5276,36,142
149.103.117.97,234.210.205.78,TCP,20951,5281,4,131
69.4.218.226,240.174.190.133,TCP,45835,2899,90,296
122.93.136.229,52.132.238.101,TCP,15072,9333,99,88
2.204.86.5,111.83.16.216,UDP,20151,2708,14,82
145.228.33.173,188.130.123.127,UDP,46997,2982,80,216
155.215.44.209,185.188.214.218,TCP,28853,3762,73,265
101.225.172.215,137.18.112.243,TCP,12494,8346,96,13
250.11.183.174,236.12.35.189,UDP,32578,6417,42,173
145.168.155.18,163.165.236.193,UDP,5034,9551,10,147
118.137.153.166,76.21.53.94,TCP,65517,6200,98,278
234.116.157.115,245.119.163.178,UDP,25448,2796,5,97
182.194.155.169,9.134.10.206,UDP,36074,1726,6,207
94.70.120.225,229.230.118.0,TCP,52209,169,28,38
20.98.146.215,19.51.115.71,UDP,50062,4548,26,103
223.187.117.159,207.176.49.22,TCP,855,6516,39,44
153.144.115.74,195.100.246.160,TCP,24910,8652,79,280
42.212.255.207,145.106.18.202,UDP,9274,5957,42,91
113.99.120.144,85.174.44.86,TCP,35993,197,38,268
243.224.141.234,141.64.74.105,TCP,7198,963,99,50
16.253.166.109,22.254.19.41,TCP,65483,3252,47,179
99.130.94.123,61.9.148.162,UDP,27281,7858,64,60
19.84.76.53,153.181.57.147,TCP,24803,1888,11,130
70.110.0.28,48.75.44.19,TCP,9023,9096,14,145
71.178.1.33,254.213.180.135,TCP,56914,2184,7,159
76.110.204.172,27.204.158.106,UDP,64371,1295,73,272
124.221.29.217,57.193.70.170,UDP,25894,950,5,203
237.53.203.193,43.28.119.229,TCP,39120,8936,29,188
159.205.17.184,185.85.16.212,UDP,49033,6673,80,235
105.35.112.87,93.12.73.61,UDP,56372,9119,33,177
139.222.14.148,151.55.224.206,TCP,2150,6616,9,186
108.166.232.240,16.27.77.124,TCP,13368,7809,30,148
222.162.168.240,73.82.20.223,UDP,55147,3053,58,11
164.218.100.90,188.65.90.42,TCP,24799,211,27,206
74.191.252.184,104.6.81.190,UDP,50824,5698,95,265
239.212.242.239,159.109.27.225,UDP,55078,555,21,273
42.29.239.12,107.140.212.61,UDP,33730,3307,31,62
136.178.179.88,137.162.165.126,TCP,51436,224,46,68
150.168.189.230,89.145.43.211,UDP,43865,8106,55,136
49.84.137.201,131.147.160.31,UDP,38829,870,51,136
169.28.89.52,86.159.19.6,UDP,59153,8758,66,79
156.199.219.23,211.11.95.63,TCP,55868,613,16,193
12.118.36.115,18.11.132.204,UDP,4070,4257,62,149
195.114.82.115,164.164.46.177,TCP,62747,6983,45,73
195.229.221.21,186.24.255.242,UDP,54688,3746,52,227
144.143.51.222,6.124.113.194,TCP,19004,7240,40,282
121.7.162.188,129.18.162.0,UDP,40869,5014,2,54
178.120.172.200,202.129.236.112,UDP,52920,7378,68,217
159.128.141.28,195.145.171.253,UDP,16466,2371,7,161
229.80.194.105,31.103.227.111,UDP,24486,7659,81,82
1.195.46.52,174.48.170.159,UDP,44668,3533,79,187
34.95.251.19,54.31.205.252,TCP,33504,3115,92,46
107.218.144.177,86.99.96.64,UDP,60662,4149,85,161
30.228.142.227,183.93.54.118,TCP,54316,7751,28,274
65.250.233.142,199.56.229.168,TCP,41616,3678,88,176
157.128.38.239,174.159.66.173,TCP,40924,8085,17,40
99.47.145.65,11.255.138.240,TCP,48880,742,57,230
49.234.187.150,180.73.17.207,TCP,46836,1258,55,79
136.184.209.203,132.8.74.149,TCP,14906,1565,92,262
89.43.248.108,94.184.38.20,TCP,44952,5379,50,209
97.20.110.168,217.240.55.122,TCP,22484,4833,65,160
118.58.139.161,218.80.171.156,TCP,40733,7018,86,129
77.110.224.162,71.233.230.65,TCP,4670,1811,71,49
193.115.246.61,6.246.226.2,UDP,64255,7349,3,155
36.56.98.120,10.74.35.157,UDP,60257,7486,12,14
197.117.21.189,61.147.71.194,UDP,17713,8775,58,110
66.221.135.181,200.91.64.94,UDP,52603,5835,1,133
56.158.99.167,238.90.208.152,UDP,10337,7248,23,287
232.140.191.100,97.98.171.179,UDP,11578,3363,30,234
153.207.45.165,136.65.211.25,TCP,17684,2379,44,125
140.220.65.161,152.51.132.120,TCP,42016,2493,58,82
207.46.186.4,240.15.123.240,UDP,39820,6296,30,155
156.3.125.128,154.174.24.67,TCP,44166,4800,55,68
62.41.89.129,226.214.23.192,TCP,33846,8618,75,249
62.96.100.89,160.105.177.6,UDP,12213,9910,66,132
23.45.23.198,215.130.15.204,TCP,19565,5332,84,205
204.30.114.44,221.87.189.211,UDP,50942,1329,70,207
58.26.68.97,54.225.38.107,UDP,48450,7509,52,158
88.87.5.188,71.22.242.88,UDP,50013,9036,36,182
157.175.126.252,196.26.82.40,TCP,29653,2023,42,187
245.120.251.105,167.154.102.215,UDP,38476,9026,29,66
198.196.247.171,191.123.185.222,TCP,60380,7497,18,123
146.250.93.113,135.58.199.167,UDP,23786,2110,67,77
82.16.83.53,160.100.103.41,UDP,27612,5747,15,29
242.238.187.245,27.133.5.102,UDP,56376,4087,24,144
116.1.221.17,69.194.203.232,UDP,38662,8232,37,190
218.47.67.87,79.147.216.213,UDP,11057,7890,84,253
126.135.50.126,183.188.217.126,TCP,37715,7831,17,46
34.164.246.98,146.19.58.167,TCP,33714,8094,91,153
45.63.244.207,147.47.187.176,UDP,211,5005,80,163
25.145.228.229,192.127.155.79,TCP,41139,3982,18,147
122.209.254.219,199.56.239.21,TCP,56706,9680,94,66
70.75.55.184,34.238.248.179,TCP,5455,556,12,34
97.70.237.223,69.112.249.19,UDP,60251,9554,72,72
168.203.87.219,145.141.197.32,UDP,8504,4653,56,215
24.13.147.67,127.250.206.110,UDP,27438,5691,64,159
196.159.210.62,164.73.45.230,UDP,19715,3908,83,23
198.64.36.18,136.110.108.121,TCP,21231,6654,39,242
218.52.86.154,235.138.10.203,TCP,55776,1228,84,56
9.144.38.251,100.154.133.150,TCP,6387,1830,93,192
161.157.242.224,73.6.147.26,TCP,42973,9463,2,147
168.169.106.225,151.74.102.240,UDP,49994,913,94,180
79.247.159.189,67.225.55.223,UDP,58693,5927,78,11
193.244.123.31,122.139.254.177,TCP,20236,6519,31,12
249.20.81.87,173.133.51.146,UDP,34341,4523,20,261
37.135.251.244,194.195.31.231,TCP,30052,7185,28,213
51.49.140.3,227.154.94.141,UDP,346,4467,10,18
134.127.74.200,211.208.157.205,TCP,53276,2885,22,222
39.80.202.94,205.181.132.213,UDP,5168,9156,31,259
204.52.126.125,121.9.235.220,TCP,64090,5434,23,267
62.48.23.93,12.101.90.66,UDP,10470,8805,80,181
89.243.55.100,206.154.225.253,UDP,11792,8616,19,270
71.147.158.236,118.82.194.80,TCP,51180,359,94,244
36.186.200.103,31.74.240.182,UDP,15191,5990,28,66
0.139.151.193,94.139.97.184,UDP,62444,6091,74,14
70.55.235.78,85.187.89.161,TCP,39178,1134,7,236
24.176.248.100,178.134.1.110,TCP,17137,7841,69,68
224.114.13.52,60.213.112.162,TCP,10624,3856,65,45
95.219.241.0,175.144.161.99,UDP,53509,8615,33,93
178.33.28.46,107.103.77.31,UDP,40771,7997,99,227
105.112.116.154,12.31.145.111,TCP,29059,9212,70,239
154.43.70.56,133.117.142.49,UDP,49118,532,93,164
208.215.178.159,79.155.223.133,TCP,40276,2402,79,153
168.108.21.89,144.77.135.225,TCP,64019,3800,4,134
84.192.22.232,230.141.12.14,UDP,1951,6686,86,53
135.167.138.245,140.198.67.228,TCP,43542,4061,27,162
135.51.99.11,23.123.21.229,TCP,2629,7062,66,257
13.225.57.233,106.93.152.237,UDP,13286,1121,28,156
104.124.57.131,185.141.52.149,UDP,32013,925,90,214
75.100.146.123,8.103.202.203,UDP,40900,3367,4,147
32.111.126.108,201.231.194.188,TCP,30463,1440,54,230
224.58.177.116,46.208.107.151,TCP,45930,2563,68,268
172.65.53.243,114.39.6.116,TCP,9876,9066,14,206
102.84.79.115,14.192.253.61,TCP,50127,9396,4,285
73.203.50.246,206.60.99.124,TCP,50574,2528,2,295
139.96.37.82,193.53.68.78,UDP,8053,332,23,25
87.70.79.15,103.130.250.224,UDP,45849,679,16,172
74.38.240.182,151.250.222.209,TCP,20969,9978,7,221
63.80.104.48,230.209.245.169,UDP,23361,6747,93,59
177.225.237.33,107.117.169.219,UDP,64429,7501,6,13
253.243.138.172,148.165.249.147,TCP,36359,5219,85,158
104.240.121.157,136.227.11.68,TCP,55366,2696,59,45
127.99.250.197,58.167.140.59,TCP,26350,4451,80,91
215.103.64.27,104.205.50.5,TCP,52418,670,82,251
15.18.150.68,14.34.241.153,TCP,31958,593,23,209
202.132.208.40,240.167.151.152,UDP,43009,1853,43,234
73.210.106.227,154.231.169.84,TCP,64545,2218,31,50
153.53.226.153,160.42.221.51,TCP,27445,1843,83,112
178.32.4.155,177.175.162.95,TCP,56352,2002,39,266
38.45.225.225,154.252.226.71,TCP,60456,8205,35,121
6.184.87.114,198.199.155.174,UDP,55363,9946,78,222
93.175.79.114,64.133.178.226,UDP,64057,5858,58,130
200.124.40.213,125.31.155.77,TCP,37018,6035,66,226
33.156.224.115,89.18.19.95,TCP,56705,8499,77,192
110.19.250.249,34.111.146.150,UDP,30369,4351,11,258
184.225.56.18,46.79.24.211,TCP,25917,8095,97,34
212.131.210.250,102.40.208.151,UDP,38545,3500,7,185
210.131.123.244,157.100.231.44,TCP,35484,804,73,126
180.25.179.119,104.89.181.17,TCP,18389,2672,62,129
147.129.232.19,129.111.161.2,TCP,6009,2641,35,223
113.249.29.1,121.238.23.108,UDP,28590,4452,38,109
24.160.60.6,93.109.226.218,TCP,21820,3197,28,299
38.153.10.134,208.136.208.79,UDP,20470,7273,57,48
157.234.143.235,63.134.97.227,UDP,44817,4777,97,51
212.203.96.95,36.20.234.68,UDP,57239,6987,11,231
3.203.209.246,207.205.50.188,UDP,27798,1461,54,123
41.89.34.33,147.113.71.23,TCP,312,7286,20,242
98.207.251.112,227.91.91.80,UDP,16794,3542,1,156
50.165.210.188,85.175.26.249,TCP,25786,204,17,126
72.232.85.183,246.16.70.168,TCP,16156,7019,24,280
138.201.6.75,242.250.137.63,UDP,6563,4727,93,254
155.107.193.73,202.200.190.124,TCP,16939,715,16,181
74.205.156.209,218.95.101.181,UDP,44466,1257,75,180
155.74.210.232,173.240.18.83,UDP,61929,609,28,100
183.180.84.164,151.33.177.74,UDP,56200,6842,4,70
102.86.123.156,138.29.176.212,UDP,9047,7013,6,41
185.163.128.219,112.101.72.53,TCP,36084,3813,22,216
216.69.49.233,165.34.78.185,TCP,58896,9350,53,196
200.42.180.131,5.131.122.112,UDP,6063,2238,7,270
91.112.136.187,237.243.64.111,TCP,51726,2858,65,110
20.143.247.133,100.211.31.77,TCP,23769,3407,97,49
25.1.190.126,95.34.221.27,TCP,28498,731,84,76
187.166.101.163,72.16.234.1,TCP,2002,2227,73,161
213.134.204.91,235.221.249.108,UDP,30566,9873,45,160
164.245.125.64,128.139.137.203,UDP,21721,1060,15,292
80.49.48.174,58.124.141.141,TCP,28854,9767,32,148
88.127.110.143,12.237.48.19,UDP,45540,8002,41,68
232.54.153.24,39.33.28.207,TCP,60987,7759,5,16
141.68.125.93,114.79.97.133,UDP,15407,6706,24,37
12.3.125.172,241.179.59.160,UDP,960,997,96,249
78.63.99.7,125.23.137.88,TCP,17527,7138,53,146
130.95.37.148,222.136.216.95,TCP,28562,6873,43,247
7.241.99.145,185.201.21.198,UDP,27902,1569,94,191
154.39.198.111,153.46.216.12,TCP,13378,7867,93,69
103.7.111.127,107.3.231.245,TCP,19523,8351,77,148
208.212.126.13,52.240.136.1,UDP,53166,4191,78,129
10.235.3.174,16.94.30.206,UDP,38552,7222,99,141
70.47.216.22,175.25.162.180,TCP,14850,588,93,152
106.189.230.57,209.208.46.230,UDP,34236,3604,4,202
96.236.23.94,28.30.94.212,TCP,45965,8780,88,44
91.19.165.1,174.26.134.33,UDP,196,754,26,115
249.22.22.41,224.145.118.120,UDP,28444,646,95,268
85.14.205.160,186.65.155.112,TCP,4974,7224,38,161
246.3.55.57,220.167.66.19,TCP,33092,200,10,66
212.179.0.245,183.177.111.102,TCP,22792,4093,13,264
213.35.65.234,218.10.182.4,TCP,59399,4943,74,76
204.1.205.176,32.159.22.148,TCP,29282,8613,60,118
46.156.58.167,40.138.26.32,UDP,4493,1996,39,66
192.209.141.118,26.193.210.83,UDP,27317,5877,100,59
236.118.108.185,154.81.252.81,UDP,19495,862,91,94
233.48.218.188,235.229.153.251,TCP,54589,5800,91,140
243.108.130.59,209.147.115.108,UDP,52865,6246,54,16
241.96.143.247,92.88.84.86,UDP,50711,8408,41,130
69.191.239.24,2.235.56.186,TCP,61653,2187,48,23
31.193.105.71,129.17.117.165,UDP,10481,8089,68,276
52.8.50.156,21.41.248.233,TCP,38570,7897,11,52
36.107.163.78,105.126.132.56,TCP,17869,1879,85,242
63.16.33.170,106.188.168.54,UDP,32183,5725,57,261
226.202.234.158,89.180.255.1,TCP,36319,644,82,187
111.120.25.25,35.28.123.242,TCP,5703,3937,83,258
254.47.41.193,181.203.81.62,TCP,7833,617,12,103
23.21.152.225,56.125.143.44,TCP,30516,1617,5,203
67.20.72.237,183.143.76.240,UDP,9959,5137,76,153
132.79.76.193,58.96.130.79,TCP,47905,5511,57,107
116.237.160.207,98.53.209.191,TCP,61731,6059,35,186
221.196.63.40,251.200.10.53,TCP,60513,9954,2,141
253.177.67.74,188.68.2.229,TCP,43998,1011,58,108
246.155.219.202,251.16.198.160,TCP,1530,2993,44,206
39.99.140.97,119.192.8.12,TCP,37291,8387,2,216
24.121.169.173,157.236.131.104,TCP,63355,5531,10,75
67.115.52.193,244.78.92.46,UDP,17084,5881,48,271
89.56.138.166,139.84.204.12,UDP,54261,5904,15,53
226.55.176.99,185.5.200.196,UDP,50299,5113,20,171
125.225.156.221,92.113.20.22,UDP,18087,8901,94,46
32.1.212.37,14.126.23.4,TCP,25761,8161,86,41
56.8.181.82,80.101.139.140,UDP,18891,9725,21,285
43.120.99.99,208.38.85.118,TCP,20694,1706,72,170
28.145.224.187,238.23.90.113,TCP,2303,3816,38,135
75.175.223.116,242.130.39.219,TCP,2489,542,18,224
71.163.245.226,213.6.9.98,UDP,61593,2175,40,289
247.39.207.58,65.236.65.207,TCP,54918,4263,99,140
182.228.61.85,237.13.19.47,UDP,61717,9412,28,218
29.169.149.165,200.254.199.106,UDP,64531,647,76,101
191.243.89.134,74.155.42.199,UDP,58232,5830,84,261
230.104.39.135,142.176.235.232,UDP,43818,9499,59,35
17.9.173.108,192.173.29.223,UDP,6301,9194,9,118
212.247.243.11,216.184.181.161,UDP,40333,5019,6,62
231.75.183.148,249.168.217.242,TCP,14436,2407,45,249
202.50.46.209,71.52.107.92,TCP,46816,5610,8,170
47.2.151.232,16.95.91.69,TCP,26372,5945,47,295
242.166.200.204,138.118.205.252,TCP,59354,1120,64,168
2.240.22.42,17.246.41.129,UDP,32532,3210,95,156
253.28.216.52,23.190.101.80,TCP,42358,3063,13,83
32.243.71.43,19.100.137.201,UDP,55666,2482,79,148
23.95.247.226,36.252.101.84,UDP,55282,7116,60,253
17.207.127.130,245.96.12.13,TCP,5548,6190,1,112
179.194.95.246,216.145.33.19,TCP,11042,2447,67,278
125.77.150.25,171.229.142.82,TCP,16775,6985,91,149
121.169.35.147,11.134.247.157,TCP,28167,1390,42,171
248.250.125.139,111.160.138.235,TCP,42201,9200,79,73
169.87.0.143,76.111.186.93,TCP,10534,8272,96,279
2.180.204.222,39.141.110.5,UDP,27392,3423,18,37
121.196.135.26,225.90.108.242,UDP,5617,455,10,76
151.94.251.195,153.250.231.97,TCP,5238,6605,70,157
122.217.218.90,136.183.56.198,TCP,4127,1312,99,124
0.54.41.91,242.138.37.49,UDP,7655,8386,53,236
167.141.31.149,130.173.250.23,TCP,11862,6113,46,259
116.27.152.169,131.67.213.24,TCP,52867,1196,61,58
176.115.190.145,94.77.155.99,TCP,52579,5353,31,165
190.145.30.59,110.26.224.202,TCP,13637,1285,71,98
70.218.89.157,17.65.247.66,TCP,51077,2064,79,169
221.213.94.11,143.254.158.110,TCP,31197,2726,1,200
246.36.229.36,243.169.125.66,TCP,49549,2542,70,159
14.126.2.54,132.165.93.90,UDP,16600,494,88,59
154.196.218.123,167.78.13.211,TCP,33512,5372,45,67
31.69.72.168,108.173.221.148,UDP,14631,4825,40,98
109.191.34.169,74.232.2.96,UDP,47967,8373,47,34
24.210.146.192,3.25.69.207,TCP,6202,6726,28,208
201.227.74.27,28.50.241.126,TCP,29837,8996,20,193
157.23.197.55,147.182.152.214,UDP,50500,2435,47,263
226.18.102.146,21.61.181.59,TCP,40114,4237,2,137
187.136.66.109,59.192.245.21,UDP,4047,9152,58,240
222.177.107.151,14.1.237.29,UDP,27340,4194,20,83
167.5.157.76,43.23.186.108,UDP,4795,1362,5,292
82.44.156.167,73.33.162.99,UDP,64165,5756,57,130
77.85.98.235,20.88.56.107,UDP,29597,8531,9,49
191.174.87.93,89.11.149.226,UDP,21868,907,42,73
82.198.125.244,78.103.119.25,TCP,7541,3242,30,288
128.141.143.152,133.134.129.186,UDP,6117,7080,20,221
2.54.107.133,200.144.151.88,UDP,65139,8900,72,121
176.31.138.77,69.166.61.182,UDP,23163,7179,54,216
174.103.22.172,26.96.23.97,UDP,60592,1222,88,51
174.211.236.50,50.106.121.131,TCP,22885,7519,11,112
74.137.221.248,192.89.37.48,TCP,21767,1513,79,93
114.23.108.92,211.69.29.70,UDP,20323,2163,80,147
69.78.155.175,58.216.109.184,UDP,24981,6847,46,29
11.149.81.222,36.72.243.62,UDP,52732,6466,74,188
188.144.136.203,74.144.44.239,TCP,34933,3764,44,54
147.139.77.249,131.125.68.96,UDP,34235,5272,70,226
189.114.12.185,117.57.73.56,TCP,24028,7107,80,37
181.57.172.19,221.91.66.135,TCP,27575,590,48,285
168.85.37.49,220.107.67.168,UDP,46763,2288,28,139
77.214.117.89,186.178.214.182,TCP,44942,3432,32,53
74.154.81.170,5.67.91.40,UDP,34636,8513,63,267
83.82.186.176,238.136.234.85,TCP,33048,8366,56,223
152.6.125.166,41.241.183.2,UDP,6103,423,29,150
175.229.214.5,159.45.151.46,TCP,47072,5965,67,128
56.86.59.151,239.181.161.231,UDP,61407,5119,76,160
49.137.120.89,129.195.32.130,TCP,47295,6666,35,117
179.35.20.194,248.72.12.221,UDP,10590,554,7,220
4.129.124.97,64.249.223.180,UDP,37355,8624,37,136
218.194.163.47,240.7.53.208,UDP,23590,1543,70,170
215.249.171.231,121.125.62.201,UDP,49603,5475,92,239
96.120.238.212,83.16.14.138,UDP,30039,6603,95,98
210.12.17.134,47.248.168.170,UDP,39854,2806,34,84
72.187.196.132,189.93.215.236,TCP,22631,7704,46,43
211.14.213.242,140.197.111.118,UDP,59643,277,66,297
94.240.11.119,76.99.136.197,TCP,29991,3607,51,100
54.241.97.162,228.27.97.230,TCP,45917,7850,59,168
123.183.213.55,97.120.251.221,TCP,43804,8939,59,271
111.233.143.73,170.107.216.211,UDP,65395,2575,4,104
124.54.26.162,180.230.26.99,UDP,10687,5476,37,281
183.243.201.131,164.216.221.212,TCP,27255,1591,16,298
188.55.210.174,117.31.115.230,UDP,25087,3341,73,142
112.101.113.129,30.151.222.119,UDP,15478,4319,49,25
117.144.95.107,137.109.169.157,TCP,47078,6248,53,168
25.128.170.206,26.56.245.148,TCP,43729,3486,86,109
84.197.53.98,201.15.199.191,UDP,45781,2308,59,184
29.101.250.141,229.77.149.82,TCP,21329,6303,24,60
14.227.237.128,85.197.181.172,UDP,19630,4258,11,44
191.241.191.170,146.159.166.108,UDP,19763,2646,85,76
215.195.95.61,102.224.63.141,TCP,39327,3137,70,173
115.50.166.175,127.199.69.169,UDP,671,9818,7,211
57.132.187.123,244.171.25.8,TCP,24954,3798,96,227
45.31.20.30,65.49.145.244,TCP,12212,8061,44,151
244.245.231.8,48.135.170.143,TCP,35744,3963,87,180
14.171.130.23,209.223.58.28,TCP,59753,8944,86,118
26.51.17.203,191.175.94.46,TCP,4405,5000,92,48
142.123.63.158,174.233.110.122,UDP,40154,4340,76,225
93.15.159.125,253.168.54.237,UDP,31406,863,43,73
140.200.240.211,160.206.121.5,UDP,20755,9615,80,133
54.80.189.153,206.89.233.96,TCP,40763,5072,95,130
200.78.136.111,122.19.70.183,UDP,59144,5670,19,148
103.70.209.242,156.1.209.201,UDP,39125,2070,66,170
164.57.242.131,1.30.234.42,UDP,15619,193,72,39
196.64.196.237,14.241.176.94,UDP,29909,8421,63,266
79.110.50.93,4.177.20.2,UDP,46003,7062,100,21
58.109.220.52,162.223.43.135,TCP,31212,3969,45,294
157.56.50.253,227.175.95.188,UDP,50153,1753,4,54
105.251.245.192,21.93.78.236,TCP,21264,1979,26,63
125.148.156.30,177.120.142.215,TCP,41449,6059,1,28
84.45.76.44,39.52.78.195,TCP,42807,7492,39,278
88.159.212.237,151.226.25.47,UDP,12143,624,64,201
44.66.146.212,98.214.54.195,TCP,12519,9760,41,271
144.142.52.16,50.223.154.239,UDP,58194,4823,27,100
255.134.253.32,127.0.139.194,TCP,37053,9368,100,154
119.102.49.210,245.206.207.210,UDP,60901,9833,61,187
97.54.185.129,109.26.46.39,UDP,49356,3404,4,278
219.193.48.1,28.28.213.136,UDP,13668,9385,87,80
160.123.222.191,170.93.201.203,TCP,5030,9880,26,234
26.104.51.89,85.181.56.153,TCP,18670,5739,96,257
1.250.54.236,134.166.146.197,UDP,29633,3598,4,174
245.74.90.228,72.245.213.128,UDP,48222,663,100,218
149.75.118.101,190.160.195.254,UDP,41672,8984,74,218
61.68.51.224,231.3.188.40,UDP,19753,9280,58,139
186.111.4.7,62.245.141.57,TCP,13650,3448,88,101
21.202.218.207,14.180.121.51,TCP,20861,540,68,147
124.26.68.236,117.127.55.8,TCP,6749,2408,27,40
38.183.235.62,163.188.50.94,UDP,16341,9113,85,139
209.123.100.232,190.76.164.75,TCP,58691,1390,79,238
148.30.78.171,6.112.245.46,TCP,34009,7562,23,51
11.98.154.38,7.12.165.0,TCP,59995,9945,87,33
235.126.93.140,64.233.219.23,TCP,51952,9929,11,95
75.80.144.181,193.16.9.250,TCP,62552,7374,77,31
113.149.69.66,32.173.198.207,UDP,47261,463,22,128
218.67.90.214,177.60.140.61,TCP,57286,262,87,214
211.114.73.5,164.179.128.213,TCP,60960,2473,75,72
94.128.187.186,73.54.52.123,UDP,18592,1910,34,47
167.220.58.69,49.179.21.48,UDP,51729,5484,70,246
164.25.16.168,25.158.217.78,UDP,12389,8585,81,118
79.111.110.151,211.163.14.24,UDP,13362,6677,95,47
76.5.48.240,152.173.15.246,TCP,42940,6112,17,122
213.27.0.235,44.70.76.38,UDP,29975,3794,23,122
180.54.59.23,0.118.234.194,TCP,9629,8940,16,296
13.49.35.141,152.224.52.73,UDP,25396,6159,60,66
85.61.172.163,109.206.212.76,TCP,52577,6077,22,190
251.32.205.54,241.187.142.115,UDP,288,7220,13,150
148.123.40.164,120.150.136.71,TCP,3255,5966,35,138
85.242.119.44,223.226.65.95,UDP,53254,3060,87,217
235.197.157.249,188.86.48.6,TCP,63143,144,55,75
24.184.44.150,79.239.154.139,UDP,63283,541,65,134
167.225.80.229,55.85.227.47,TCP,17100,9619,17,275
171.135.143.43,68.215.76.71,UDP,43962,4547,21,97
97.17.162.65,75.129.155.69,TCP,52667,5701,48,225
199.66.84.153,173.32.140.127,TCP,58189,7196,33,12
240.232.225.61,161.40.210.211,UDP,63970,659,60,64
190.26.234.185,10.157.187.238,TCP,53583,2066,49,97
69.103.204.245,43.33.63.22,UDP,50231,1182,79,156
148.187.89.253,60.16.3.243,TCP,62631,2091,34,231
98.58.59.172,70.197.193.141,UDP,34103,2066,24,23
144.251.185.159,95.133.147.184,TCP,44126,2761,64,164
112.160.252.42,200.244.227.117,TCP,57667,896,16,101
19.230.78.230,132.115.61.4,TCP,19453,1002,64,55
50.170.102.51,68.88.236.178,TCP,37207,3180,49,99
235.85.24.172,102.248.33.175,TCP,41909,3785,3,124
218.14.250.205,209.184.187.147,TCP,6681,8758,18,154
219.136.227.167,30.188.233.40,UDP,50088,6666,7,110
67.75.138.115,20.77.45.188,TCP,48886,7686,51,17
157.0.74.101,127.236.43.34,UDP,31626,8278,18,86
36.208.237.206,58.141.125.236,TCP,23896,3255,51,245
144.244.166.182,116.45.99.41,UDP,13283,546,94,79
123.87.11.153,216.241.92.26,TCP,37298,8865,45,139
181.60.175.150,217.19.213.202,UDP,34203,5115,58,152
39.210.220.162,233.76.217.160,UDP,60893,8169,83,186
62.81.27.97,29.226.187.142,UDP,34876,5171,7,25
231.86.106.123,205.247.88.145,UDP,39902,5671,78,36
244.70.158.193,79.148.194.44,UDP,11098,4706,14,296
86.147.152.170,79.137.6.130,UDP,34568,1649,63,107
220.130.147.103,82.191.102.42,UDP,24684,8551,33,208
205.89.200.67,226.60.88.214,TCP,41741,5589,12,270
58.134.111.21,139.193.233.196,TCP,14310,5178,82,91
1.37.46.237,85.238.118.157,TCP,57620,3002,15,174
43.132.50.8,49.238.214.128,UDP,4253,406,16,295
10.120.165.180,81.168.166.237,TCP,21957,6532,58,238
61.213.149.252,37.122.116.209,UDP,18676,8360,71,85
18.190.60.96,4.154.122.68,UDP,35723,1114,87,51
77.72.115.126,43.254.118.108,UDP,61391,9606,33,146
152.92.166.19,82.92.68.111,UDP,26799,7764,41,16
113.120.100.35,189.201.7.63,UDP,62172,6852,56,298
156.241.166.168,163.94.198.61,TCP,31195,4004,35,122
187.110.77.54,110.184.252.54,TCP,19366,1492,78,144
254.152.115.24,238.143.57.254,TCP,57281,1999,94,151
24.242.112.187,191.243.117.196,UDP,41448,7042,2,75
129.148.52.15,4.152.116.74,TCP,36679,7203,39,154
198.255.2.121,130.101.190.1,UDP,32364,8525,69,20
13.137.15.70,109.215.156.243,UDP,16983,4030,41,29
30.117.205.67,167.135.154.169,UDP,57433,7026,43,98
169.110.0.152,75.47.81.240,UDP,64149,8306,16,214
109.56.3.45,82.210.43.100,UDP,7163,6076,66,37
57.127.106.104,27.63.112.89,TCP,59796,2220,63,135
41.10.35.102,206.198.218.170,UDP,51872,1527,42,222
197.188.134.203,222.230.72.122,UDP,39839,3486,58,122
148.98.12.198,245.195.241.147,UDP,20940,9016,7,275
73.65.123.90,67.54.189.80,UDP,7975,2585,2,182
124.38.78.232,167.52.125.183,UDP,7607,7609,43,128
214.119.10.179,31.30.10.71,UDP,2334,1551,35,291
35.100.201.196,46.110.143.35,TCP,50803,6834,26,194
127.126.16.79,124.88.232.109,UDP,26332,2142,71,170
44.50.247.28,116.51.38.99,UDP,3171,3616,75,57
240.5.37.178,64.62.55.223,TCP,45206,3709,82,103
89.96.88.172,224.38.2.200,UDP,48800,2783,75,149
201.223.46.16,54.75.101.78,UDP,7135,9525,40,31
222.65.143.18,54.215.40.85,TCP,34291,7864,11,121
196.11.200.115,174.201.239.92,TCP,18046,5142,36,184
71.5.180.181,219.226.191.165,TCP,25757,1896,89,47
129.63.246.245,118.28.11.240,UDP,28970,6304,23,122
67.191.95.164,212.3.69.30,UDP,39178,7683,28,87
59.4.222.177,4.13.139.145,UDP,56557,384,7,162
246.74.114.87,213.103.254.154,TCP,54173,1453,24,163
59.12.36.151,166.178.214.159,UDP,15258,4837,86,221
152.254.25.238,206.217.72.116,UDP,43696,5610,82,66
155.66.180.225,94.133.16.104,UDP,49330,9935,48,259
115.216.153.28,64.103.18.5,UDP,29443,8706,27,191
6.84.36.61,194.118.55.7,TCP,11174,7086,10,197
214.152.137.217,170.176.223.49,UDP,35297,6954,30,272
48.129.84.201,28.78.200.134,TCP,24061,6661,47,83
25.139.11.201,180.118.68.25,TCP,21973,7685,9,262
142.207.228.104,37.173.116.87,UDP,50130,8057,80,156
189.13.109.202,124.35.30.124,UDP,33868,3224,59,65
222.163.154.42,3.192.136.174,UDP,6375,1112,34,254
23.236.116.149,167.2.195.213,TCP,34114,1795,59,31
139.169.74.233,51.234.134.106,TCP,22183,6211,34,280
224.248.242.47,161.198.40.190,TCP,11564,5017,72,271
81.66.12.197,58.77.126.185,TCP,32337,9528,28,116
67.70.3.178,255.215.248.105,TCP,35866,2812,70,92
63.134.1.45,252.130.164.119,UDP,63105,4877,77,33
37.193.132.181,14.42.233.245,UDP,31414,7489,91,67
199.57.51.89,179.45.161.58,TCP,65344,8494,90,184
167.79.80.11,70.152.241.3,TCP,43049,3726,32,206
179.142.23.192,88.212.162.253,UDP,5619,1865,52,50
240.97.239.251,96.96.62.227,TCP,33603,7894,56,184
165.20.132.152,89.166.98.220,UDP,15831,9843,27,120
30.221.139.50,221.123.190.238,TCP,41954,2665,15,165
64.15.88.220,147.191.250.111,UDP,50042,5825,71,175
191.199.12.155,230.255.237.231,TCP,2579,2764,86,207
118.101.143.109,254.181.188.97,UDP,6660,3375,62,70
190.187.72.43,231.205.161.33,TCP,2705,6592,17,56
215.33.172.70,178.244.181.36,UDP,121,8312,11,270
201.100.200.89,113.150.117.140,UDP,62496,9638,3,36
139.164.49.242,146.180.188.202,UDP,44158,1943,95,299
254.128.204.124,43.103.50.96,UDP,25889,6328,20,291
58.139.162.50,188.115.39.208,TCP,450,6282,51,220
190.125.182.187,245.255.52.215,TCP,45429,4307,37,122
134.7.50.211,83.216.130.236,TCP,52458,7947,78,241
21.37.48.92,13.41.249.6,UDP,29537,9564,45,28
22.79.30.233,228.11.19.98,TCP,49145,195,36,170
255.101.45.210,227.197.174.26,UDP,36403,3204,53,281
194.36.106.203,176.255.51.45,UDP,25012,4868,56,221
141.140.53.78,105.241.68.151,UDP,17817,9787,17,203
17.171.38.185,223.222.58.26,UDP,9718,8506,62,258
40.125.79.164,78.173.212.133,TCP,32908,7613,52,287
205.96.3.84,76.50.111.178,UDP,5801,6038,65,164
80.53.94.20,119.138.49.217,TCP,62004,6341,10,245
76.47.118.138,175.130.218.56,TCP,41215,4435,56,265
216.130.17.237,245.221.247.212,TCP,55425,3097,29,279
150.155.111.63,79.18.124.240,UDP,16688,3328,93,16
186.61.61.150,18.124.127.31,TCP,13555,2696,39,111
84.180.172.150,67.224.229.143,TCP,52466,1635,43,98
69.142.244.130,14.87.55.224,TCP,16529,5561,97,295
133.44.112.11,49.11.98.114,UDP,53299,1880,24,295
212.114.18.136,94.161.177.37,UDP,55603,9101,15,212
36.233.151.80,21.33.87.10,UDP,18574,1002,17,258
40.239.176.161,25.168.130.171,UDP,34502,6269,99,246
48.205.65.33,190.89.26.171,TCP,17819,605,63,230
27.125.130.237,152.133.171.88,UDP,22920,6675,26,290
34.41.108.106,151.94.250.117,UDP,57810,8622,37,263
250.125.3.207,214.72.199.35,UDP,45594,3764,45,275
102.254.21.103,217.87.221.230,UDP,54126,293,28,210
144.18.104.209,158.201.90.204,UDP,62965,170,4,181
196.48.175.171,251.46.203.95,UDP,52945,6289,74,133
130.214.162.39,168.160.175.85,UDP,21491,2529,21,133
229.182.198.111,130.67.9.118,UDP,53978,4089,4,48
160.185.220.248,183.27.205.215,UDP,23004,6517,3,290
224.186.154.169,177.144.27.206,TCP,14273,2030,22,291
108.244.125.179,117.13.23.204,UDP,6140,6631,96,140
43.60.111.227,84.213.98.11,TCP,28566,9454,4,218
36.201.234.147,23.161.61.21,UDP,20123,281,38,158
109.64.163.238,172.63.37.149,TCP,25110,1518,56,174
100.102.245.186,203.60.203.52,TCP,43184,2299,26,185
15.126.205.236,91.19.183.184,TCP,49255,4897,72,98
167.115.169.236,63.33.183.153,UDP,931,5722,88,161
248.179.223.64,136.102.64.58,UDP,34548,5040,20,68
76.213.211.51,72.164.172.53,UDP,25771,291,14,244
174.197.105.228,202.233.240.236,TCP,60195,6807,72,57
226.75.165.56,26.158.102.31,TCP,11220,5466,41,229
10.200.20.44,57.195.178.178,TCP,28893,3682,16,235
71.68.0.124,40.159.118.83,TCP,63557,8216,59,288
6.225.13.244,152.34.225.249,TCP,28552,3941,76,218
99.164.249.64,248.28.191.182,TCP,48372,9114,12,293
70.130.239.159,63.121.48.13,TCP,50128,8365,60,246
171.203.32.221,108.249.162.243,UDP,7457,7852,73,73
204.91.89.198,90.161.71.16,TCP,27012,6805,18,74
31.231.239.94,228.41.80.150,UDP,42985,9189,79,201
133.87.145.8,60.191.88.223,UDP,34329,3375,17,197
225.6.163.50,23.162.188.104,TCP,24393,5030,81,168
68.101.199.170,106.179.57.45,UDP,55362,3979,40,145
168.147.2.143,117.116.234.71,TCP,51227,2828,32,221
227.140.64.215,143.135.100.178,TCP,1435,4305,71,92
201.68.81.131,239.233.187.100,UDP,16774,8765,99,168
61.145.213.82,14.36.87.226,TCP,54823,261,60,32
64.112.21.112,197.42.101.198,UDP,3761,8447,64,125
226.43.135.189,21.159.211.86,UDP,49798,3504,46,54
235.100.91.17,77.16.163.98,UDP,4836,3290,31,206
221.191.109.59,240.110.37.205,UDP,4739,7105,78,235
244.167.179.156,152.137.136.124,UDP,3475,7809,3,90
12.112.174.143,150.225.28.143,TCP,9003,4390,6,19
175.122.234.220,219.54.248.76,UDP,26247,1572,63,268
94.169.253.220,171.239.188.206,TCP,25145,9888,37,282
133.154.83.136,51.8.1.171,TCP,28182,9061,67,239
10.4.95.166,94.96.245.206,UDP,26836,9367,2,29
131.105.0.239,32.28.51.213,TCP,15675,2888,12,145
76.144.191.48,188.116.234.189,TCP,46100,2894,36,55
48.232.168.81,143.67.36.159,TCP,24856,2496,57,88
255.245.124.33,227.69.127.90,TCP,47456,845,90,113
219.235.10.171,41.78.205.205,TCP,39531,3428,74,211
12.145.184.113,130.62.90.230,UDP,62710,1447,90,144
190.237.11.192,36.14.156.198,TCP,44041,6890,94,108
20.0.28.129,189.201.54.47,UDP,5619,9485,90,88
70.22.120.139,138.124.5.109,UDP,30660,5246,71,80
116.159.186.17,221.33.196.18,TCP,53965,7051,36,224
242.18.51.134,48.85.115.45,UDP,55218,9651,13,263
158.14.51.15,135.166.19.187,UDP,16634,2391,99,39
110.19.176.15,123.190.203.100,UDP,15911,1565,67,67
52.77.80.158,87.141.122.127,TCP,21189,2333,97,270
207.177.162.111,160.121.31.176,TCP,12885,9411,33,74
98.78.27.186,65.126.99.205,TCP,17256,8560,87,90
27.195.210.187,13.239.186.55,UDP,62408,6725,40,242
90.10.183.67,65.156.9.123,TCP,39116,8516,13,267
34.46.34.248,86.249.126.128,TCP,10435,4735,90,47
12.91.116.83,62.111.75.188,TCP,54267,2283,6,46
243.226.103.3,76.124.161.107,TCP,5628,7094,4,179
17.232.21.175,16.234.229.47,UDP,59960,2985,36,239
235.40.4.187,148.71.164.76,TCP,14487,5214,90,77
163.117.102.229,25.203.68.40,UDP,52737,1687,18,139
20.252.184.39,51.76.126.39,UDP,12510,8971,44,23
117.68.147.139,65.10.67.236,UDP,52651,8356,44,221
43.228.202.186,175.129.44.229,UDP,8513,157,42,62
132.19.43.96,76.12.146.0,TCP,58281,3706,18,256
243.112.90.135,94.29.7.207,UDP,47404,2155,21,149
227.0.30.105,182.87.180.130,UDP,47244,2667,50,113
76.190.126.37,76.16.28.91,UDP,2654,8337,4,100
231.10.188.185,116.25.207.209,TCP,63317,9046,54,29
219.243.248.54,159.221.245.0,UDP,49586,5254,73,112
239.15.198.29,252.233.197.97,UDP,34557,5046,1,116
204.44.209.249,115.73.234.245,TCP,4383,8124,25,259
167.116.62.159,190.26.241.107,TCP,50462,4320,64,119
251.135.162.18,48.67.109.110,TCP,29227,788,10,224
33.214.53.181,8.103.30.152,UDP,53676,6898,98,103
108.178.75.110,141.20.110.187,TCP,10895,5390,45,23
207.30.229.134,100.192.223.215,UDP,11305,6408,57,15
81.16.27.170,47.235.87.15,UDP,23370,2585,85,210
2.101.143.3,186.62.93.253,UDP,898,8280,30,243
111.87.186.168,94.119.88.85,TCP,6820,5658,99,107
118.85.234.228,86.59.234.244,UDP,10024,5922,10,204
13.174.133.219,88.100.234.119,UDP,33911,8091,81,28
201.25.167.82,166.237.78.62,TCP,3415,4546,79,296
135.86.199.38,90.103.8.168,UDP,3981,5888,2,116
70.179.218.164,15.3.41.32,UDP,34861,7404,17,144
59.19.187.199,19.184.82.94,UDP,62896,8926,8,50
40.210.64.126,24.124.200.233,UDP,2304,8006,66,26
112.156.132.213,161.253.167.97,UDP,1531,4924,36,185
176.252.120.167,239.83.9.203,TCP,31501,1160,60,55
25.83.1.81,116.251.110.179,TCP,19214,7569,11,89
69.48.16.179,249.211.3.139,UDP,16084,1975,9,206
120.87.111.144,213.208.26.31,TCP,20396,6962,26,270
180.79.173.97,160.243.176.117,TCP,59650,5986,100,166
24.43.181.100,31.238.63.148,TCP,15546,4467,77,279
174.115.59.46,217.38.36.139,TCP,10274,6874,17,240
127.46.221.174,123.176.13.98,TCP,46925,1231,8,120
57.34.180.181,247.236.234.42,TCP,58886,1650,15,300
251.129.93.236,91.115.188.93,UDP,35015,1258,44,251
172.229.80.241,95.137.253.229,TCP,49997,9007,78,180
252.226.94.42,157.166.118.235,UDP,10101,6387,77,235
55.100.18.228,218.69.227.166,UDP,49484,959,12,16
119.29.240.126,239.150.70.34,UDP,58210,1134,85,188
181.184.236.199,225.163.164.28,TCP,38063,8464,11,178
182.47.86.98,70.224.129.162,TCP,31050,5821,51,295
65.202.228.190,134.116.216.180,TCP,11249,2740,37,296
179.76.75.9,249.134.191.156,UDP,48776,9467,83,135
73.238.128.3,154.140.81.24,UDP,14712,884,26,62
244.26.109.244,146.182.52.169,UDP,51859,8792,61,62
213.234.249.88,81.4.174.109,TCP,643,864,77,206
16.52.29.83,84.174.154.67,UDP,62209,2054,16,254
254.167.209.198,188.198.186.247,TCP,15750,528,52,60
151.180.142.106,207.140.175.179,TCP,51570,9944,55,266
235.58.0.31,102.117.69.4,UDP,17812,8275,18,187
204.53.255.227,6.182.215.41,TCP,50106,5446,80,270
224.105.82.254,223.142.202.39,UDP,57822,3882,8,216
124.211.98.193,103.151.129.214,UDP,20760,8826,16,224
182.125.186.46,61.67.175.47,TCP,60659,9554,83,167
49.185.131.247,146.171.226.138,UDP,56452,7215,67,160
248.237.202.74,59.219.9.193,TCP,11554,4250,7,74
53.73.246.97,197.59.148.9,TCP,12326,3960,25,102
250.85.12.127,124.14.194.189,UDP,48398,6531,74,25
156.129.98.23,23.12.118.184,UDP,11985,3350,67,48
77.72.72.92,52.233.5.42,TCP,58891,9800,69,23
119.183.226.146,9.15.55.136,TCP,64160,7813,75,129
98.241.249.77,217.235.141.147,UDP,62221,9473,23,161
20.4.126.126,112.188.45.45,UDP,46886,6417,67,66
151.166.239.152,182.29.183.89,TCP,60539,9908,24,170
60.149.253.62,126.66.183.12,UDP,166,5095,84,104
41.211.43.84,14.83.216.143,UDP,10619,1413,92,13
241.23.76.54,252.136.121.29,UDP,54489,8900,88,154
243.41.69.249,67.148.191.200,UDP,9728,6289,14,191
11.140.134.227,160.111.51.99,UDP,14117,4586,29,202
117.65.106.204,200.65.135.114,UDP,26611,1880,48,15
189.232.201.117,184.187.132.129,TCP,20567,1292,96,159
247.208.5.191,51.235.217.185,TCP,7367,7149,7,138
8.160.241.208,41.152.113.102,TCP,29991,2836,56,95
113.242.58.181,19.89.95.109,UDP,28483,5840,63,25
251.206.209.5,134.20.112.127,UDP,19215,2203,61,258
251.141.179.121,143.138.36.11,UDP,18896,9531,66,192
111.253.227.219,17.60.165.250,UDP,36938,4781,6,116
239.136.85.70,221.126.157.89,UDP,15728,2345,41,296
102.117.206.195,12.139.125.127,UDP,40333,6811,55,115
237.106.9.209,195.46.121.15,TCP,37864,7235,53,176
225.13.91.128,61.93.1.214,TCP,54301,2092,45,271
88.185.59.208,196.214.181.251,UDP,47902,8756,66,162
247.240.193.97,12.207.77.192,TCP,7035,9486,97,40
150.93.238.91,166.208.158.149,TCP,52561,2603,61,73
178.37.194.225,221.100.175.118,TCP,24303,432,1,41
79.204.231.100,251.22.230.233,TCP,6000,2531,3,208
4.248.191.171,63.74.131.168,UDP,19785,5045,43,35
16.239.162.118,193.144.223.15,UDP,2934,5547,61,273
75.216.34.119,241.239.204.148,UDP,25306,5575,73,42
69.68.176.51,200.155.88.212,TCP,40761,4764,52,255
34.102.93.174,145.64.149.120,TCP,32586,1625,10,13
58.168.222.8,115.82.111.150,UDP,6795,4235,74,209
224.149.128.57,237.235.3.213,TCP,50641,7452,79,122
50.96.122.19,112.12.29.190,UDP,56213,8312,100,55
83.24.13.158,95.115.234.81,UDP,23620,1411,64,255
62.212.20.242,228.211.2.119,TCP,38427,8130,68,96
89.186.192.26,142.190.88.253,UDP,45946,8116,17,236
186.105.144.11,217.83.129.211,UDP,10938,8243,45,226
135.239.37.158,145.18.41.232,UDP,33503,8040,28,156
165.243.226.199,239.60.52.89,TCP,22904,1231,56,197
15.79.184.186,209.26.137.226,UDP,21493,4486,46,10
93.122.232.65,101.232.110.116,UDP,50984,9201,80,282
56.135.61.115,60.145.85.11,UDP,35777,2913,86,84
82.100.75.220,100.178.17.129,TCP,54662,5542,63,263
187.84.15.66,54.56.54.221,TCP,29851,3390,78,43
220.50.254.195,168.221.8.207,TCP,58021,6577,48,10
198.245.211.178,92.148.118.151,UDP,61028,5187,77,246
243.247.1.243,162.197.31.127,UDP,33147,9113,44,39
27.35.250.224,223.222.64.74,TCP,23600,1190,56,271
119.215.36.254,95.158.92.64,TCP,23059,9981,27,91
234.56.185.255,159.76.28.93,TCP,64157,6879,76,299
102.217.93.66,86.126.129.0,UDP,12942,7899,80,244
134.198.162.176,133.91.128.31,UDP,11778,4991,14,230
250.109.4.97,245.143.20.182,UDP,45541,8553,82,278
60.252.101.17,43.58.59.10,TCP,10779,7382,42,264
93.75.14.180,177.214.177.136,UDP,23426,2534,26,45
33.229.169.126,233.186.36.125,TCP,20430,3547,32,51
38.33.76.36,229.172.207.47,UDP,4586,5704,92,263
150.22.114.198,89.254.19.164,UDP,46164,2382,20,104
7.173.242.63,5.66.86.120,TCP,44932,8304,75,150
201.100.214.150,77.157.206.167,TCP,41491,4270,27,33
237.120.53.250,244.242.78.7,TCP,55034,2093,37,293
25.63.55.17,237.88.232.135,UDP,52270,6831,43,215
175.60.232.46,99.198.187.204,UDP,15592,1913,28,243
241.183.212.45,150.10.48.70,TCP,6652,7461,6,81
50.196.105.209,193.163.59.45,TCP,44311,8249,69,57
231.197.177.132,71.38.160.190,UDP,65372,4425,92,73
112.78.218.78,247.98.78.233,TCP,36191,6176,28,189
228.133.240.119,62.250.96.65,TCP,4908,9380,20,25
179.14.13.9,68.0.25.45,TCP,9528,5137,80,190
193.138.128.86,133.167.10.107,UDP,12431,8910,12,158
93.75.149.101,102.175.74.123,UDP,45604,7899,69,98
67.39.234.1,109.38.8.104,UDP,42433,5186,42,297
158.100.144.90,134.99.145.84,TCP,12383,7962,74,60
247.18.125.51,149.104.135.81,TCP,24325,9983,35,45
203.178.147.114,138.229.12.60,UDP,37215,9463,77,173
225.124.172.158,82.143.84.56,UDP,49764,9086,77,236
156.165.112.71,23.99.136.159,TCP,13220,2344,26,183
35.107.206.67,226.85.182.122,TCP,6919,3105,15,210
212.102.146.232,21.224.162.185,UDP,32388,3764,22,217
237.199.231.177,102.79.219.227,TCP,41310,2944,65,142
206.26.237.165,136.198.18.56,UDP,30465,8249,34,176
164.151.118.230,131.212.5.5,UDP,52388,5477,84,203
173.169.78.58,238.83.118.222,UDP,62997,3931,67,289
164.249.76.18,157.181.125.160,TCP,8140,9386,44,67
235.240.44.226,68.8.30.12,TCP,61310,5509,88,34
27.13.100.79,141.151.114.171,TCP,29514,7458,13,15
14.53.234.44,187.33.112.228,TCP,16983,9807,24,184
148.199.123.69,253.119.229.75,TCP,1680,4906,80,294
218.156.73.93,21.6.251.0,UDP,41976,3309,80,204
202.248.28.146,194.127.155.72,TCP,35817,1771,38,120
241.92.8.59,253.59.241.19,TCP,13849,8922,31,207
248.120.244.156,174.146.20.18,TCP,3810,8532,11,43
94.189.249.249,32.229.235.101,TCP,61307,5610,12,69
230.125.117.64,126.130.249.108,TCP,2147,1364,20,36
229.119.20.184,69.221.90.167,TCP,44143,2339,97,89
55.149.183.87,219.137.50.43,UDP,14597,6534,56,27
116.66.101.31,123.126.177.29,TCP,14815,9849,45,258
121.245.170.42,87.192.63.234,UDP,30146,8680,6,35
111.72.106.27,16.164.151.107,TCP,12450,2203,25,145
98.29.64.131,242.138.212.156,UDP,20248,2196,76,219
109.159.215.141,108.26.80.104,TCP,61402,635,19,120
113.156.34.87,203.214.218.109,UDP,50077,7060,25,287
177.73.197.105,118.205.112.252,TCP,7846,8432,57,136
208.161.127.172,122.107.217.77,TCP,3959,2950,72,148
207.65.212.248,168.106.148.234,UDP,28243,5177,19,58
254.48.87.46,251.3.59.4,TCP,52614,7413,26,209
208.66.40.175,75.109.76.42,UDP,27832,7634,18,215
94.213.221.201,91.86.89.152,UDP,17360,9600,90,86
17.201.20.24,248.43.175.88,UDP,63409,3238,78,46
244.26.125.212,195.189.63.112,TCP,43369,6964,67,18
52.35.131.43,245.197.172.171,TCP,60571,7461,29,179
171.158.208.57,123.223.173.190,UDP,64057,263,70,78
84.201.39.254,187.169.5.173,UDP,8449,895,91,127
175.158.117.180,243.247.227.165,TCP,24318,7649,13,261
47.104.50.208,200.171.20.63,UDP,12005,9093,3,300
116.44.185.81,160.57.214.102,TCP,26873,6828,18,164
47.72.170.215,12.215.247.21,TCP,60174,9242,30,279
188.125.74.177,136.216.75.18,TCP,13413,1575,96,138
128.195.105.45,88.173.114.134,TCP,29398,1146,83,68
244.50.46.13,25.249.68.232,UDP,47228,8516,91,300
215.92.217.89,130.132.137.255,UDP,22301,9348,6,145
120.22.7.167,104.79.72.23,TCP,14943,1019,87,142
219.79.2.219,146.101.64.254,UDP,46627,6258,4,210
142.234.212.180,244.235.201.223,UDP,18524,5609,75,105
134.161.158.245,215.184.27.167,TCP,49015,1341,69,123
81.165.181.42,12.22.212.88,UDP,64189,7702,48,201
9.101.59.27,108.203.53.163,UDP,63752,8946,4,140
173.239.241.5,34.211.203.96,TCP,29388,5279,13,155
65.18.246.67,223.157.158.77,UDP,47949,4134,39,237
144.224.5.249,211.144.163.244,TCP,21726,2277,85,163
202.174.64.6,43.0.173.11,TCP,28385,8603,12,265
64.151.128.169,127.98.183.6,UDP,14613,7248,31,203
231.9.188.0,235.193.119.163,UDP,35335,5736,46,134
137.225.59.117,197.148.119.217,UDP,51533,742,32,146
103.226.85.0,186.173.22.120,UDP,65510,7871,56,91
83.192.95.30,78.76.230.235,UDP,64373,9317,8,130
81.254.147.230,202.120.7.89,UDP,4433,3597,98,162
117.20.9.97,80.170.4.92,TCP,57882,8686,18,212
125.84.29.218,159.86.23.181,UDP,11532,3524,43,242
139.81.193.110,32.218.107.97,TCP,46001,3422,98,252
215.196.1.146,202.34.101.83,UDP,54589,3264,4,174
1.212.172.162,219.160.16.90,UDP,58736,2736,56,10
19.178.80.48,154.186.230.168,UDP,64661,2638,77,218
145.204.228.13,166.119.100.159,TCP,39051,5169,52,239
58.105.82.107,104.29.112.19,UDP,49063,4209,39,252
53.85.112.185,197.173.3.198,UDP,41260,7570,18,211
157.146.204.134,254.18.18.203,UDP,28242,3768,56,164
111.3.37.146,239.100.25.128,TCP,7060,2487,52,32
55.226.214.165,9.214.221.47,TCP,59487,8438,77,21
49.154.102.182,102.1.113.202,UDP,34034,8607,30,128
123.169.140.96,49.61.95.154,TCP,31698,4566,40,198
20.93.181.154,185.209.244.139,TCP,27727,8394,73,175
205.167.35.57,101.230.24.154,TCP,11353,1732,25,213
4.194.119.249,184.140.169.114,TCP,19997,7322,24,252
222.53.53.70,180.227.106.182,TCP,50850,4654,60,140
107.187.116.90,114.98.5.3,TCP,17312,6783,47,122
122.172.219.159,59.82.64.157,UDP,60920,4261,57,133
136.161.162.100,214.198.246.240,UDP,1822,9274,80,34
